{
    "version": "7.2.12",
    "channels": [
        {
            "channel_title": "Partners",
            "channel_name": "partners",
            "field_groups": [
                "Partners"
            ],
            "fields": [],
            "cat_groups": []
        }
    ],
    "field_groups": [
        {
            "name": "Partners",
            "fields": [
                "partner_logo",
                "partner_link",
                "partner_description",
                "logo_width"
            ]
        }
    ],
    "statuses": [],
    "category_groups": [],
    "upload_destinations": [
        {
            "name": "Partner Logos"
        }
    ]
}